Direccion,Barrio,Latitud,Longitud,Tipo_vivienda,Dproymes,Localidad,Cod_proyecto,Proyecto
Cr. 92 # 149-30,Campiña,4.74476763327579,-74.0840317889721,No VIS,3,Suba,20275,Colinas de Suba
Cr. 7 # 126-30,Pinar de Santa Bárbara,4.70164592452076,-74.0280218745597,No VIS,38,Usaquén,30712,Reserva de la Sierra
Tv. 19A # 96-56,Chicó,4.68405923575732,-74.0537228368549,No VIS,2,Chapinero,30959,Oqyana
Av. Suba con 119,Córdoba,4.70689170036199,-74.067317193494,No VIS,18,Suba,31238,Provenza Imperial
Cl. 94 # 21-59,Chicó,4.6816000007093,-74.0568000003695,No VIS,5,Chapinero,31422,Art 94
Cl. 140 # 20-35,Nueva Autopista,4.723576287993,-74.0484299041063,No VIS,2,Usaquén,31428,Axxes 140
Cl. 133 # 19-59,Calleja,4.71658155944754,-74.0478525919435,No VIS,24,Usaquén,31451,Area 19
Cl. 92 # 14-23,Chicó,4.67526234489033,-74.0521196575608,No VIS,5,Chapinero,31486,Massilia
Cl. 88 # 13-25,Cabrera,4.67188269304709,-74.0524935262219,No VIS,4,Chapinero,31502,El Palco
Cr. 18C # 123-83,Santa Bárbara,4.7041144779247,-74.048388164981,No VIS,2,Usaquén,31512,Absolut 123
Cr. 23 # 137-41,Nueva Autopista,4.72294476060167,-74.0502976800842,No VIS,2,Usaquén,31521,Parque de Alcalá
Tv. 88 # 145-32,Suba,4.73856303142613,-74.082631146655,No VIS,7,Suba,31542,Cerros de la Lorena
Cr. 7 # 93-20,Chicó,4.67259422382627,-74.0427762830917,No VIS,2,Chapinero,31567,Vitrum
Cl. 139 # 96A-35,Suba,4.73862441715655,-74.0914998250421,No VIS,62,Suba,31588,Altos de San Jorge
Cl. 153 # 109B-18,Las Mercedes,4.75750000029802,-74.0946000004187,No VIS,16,Suba,31591,Bosque de Tulipanes
Cl. 127BBis # 19-36,Calleja,4.70961068333341,-74.0489588187034,No VIS,4,Usaquén,31600,Montserrat 127..
Cr. 89 # 147B-68,S. C. Suba Urbano,4.74281879448368,-74.0819953407603,No VIS,2,Suba,31605,Agora Casas
Cl. 121 # 3A-20,Pinar de Santa Bárbara,4.69470749736654,-74.0265637390165,No VIS,6,Usaquén,31613,Cerros de los Alpes III
Cr. 8 # 127A-01,Bella Suiza,4.70451749039233,-74.0323085022207,No VIS,3,Usaquén,31629,Parque BS
Dg. 72 # 1-52 Este,Rosales,4.65310000069439,-74.0506999995559,No VIS,5,Chapinero,31635,Lumini
Cr. 19A # 107-14,Chicó Navarra,4.69473029676935,-74.0511927229968,No VIS,1,Usaquén,31646,Paloalto
Tv. 5 # 86-91,Rosales,4.66637931808479,-74.0450773483256,No VIS,4,Chapinero,31651,Cenit de la Cabrera
Av. Cl. 145 # 114A-50,Córdoba,4.69758446319946,-74.0688252057842,No VIS,1,Suba,31654,Ilarco 114
Cl. 118 # 11A-05,Santa Bárbara,4.69653779941671,-74.0375347204995,No VIS,1,Usaquén,31656,Vita 118
Cl. 126D # 104-01,Corinto,4.7283695776418,-74.1023638548106,No VIS,51,Suba,31669,Mirador Corinto Reservado
Cr. 14A # 109-81,Santa Paula,4.69277509923981,-74.043293468885,No VIS,1,Usaquén,31670,Jade Plus +
Cl. 92 # 17-31,Chicó,4.67652770799679,-74.0543268585104,No VIS,5,Chapinero,31675,La Toscana
Cl. 85 # 7-16,Chicó,4.66552869991642,-74.0468756900244,No VIS,7,Chapinero,31679,Icon Cabrera +
Cr. 16 # 93-21,Chicó,4.67770643614185,-74.0526660876667,No VIS,3,Chapinero,31680,Balcony 93-16 +
Cl. 106 # 19A-23,Chicó Navarra,4.69289325083747,-74.0406315456303,No VIS,1,Usaquén,31681,Saga 106
Cr. 7BBis # 126-84,Santa Bárbara,4.70229999907315,-74.0307999998331,No VIS,1,Usaquén,31688,El Roble 127
Cr. 17 # 93A-38,Chicó,4.67859121212411,-74.0526026460449,No VIS,2,Chapinero,31690,Orvieto
Cl. 109 # 21-57,Chicó Navarra,4.69598870918069,-74.0544187392827,No VIS,3,Usaquén,31694,Loretto 109
Cr. 14A # 127A-36,La Carolina,4.70611770346483,-74.0414867600761,No VIS,3,Usaquén,31702,Marankal
Cr. 100 # 148-84,Campiña,4.7441486250324,-74.0905515039156,No VIS,1,Suba,31706,Valle del Refous II
Cr. 13 # 119-71,Santa Bárbara,4.69993665125289,-74.0400318739688,No VIS,4,Usaquén,31711,Laya 119
Cl. 128B # 19-40,Calleja,4.71336941929546,-74.0482925166543,No VIS,27,Usaquén,31718,Saint Thomas
Cl. 105 # 19A-74,Chicó Navarra,4.69261119185687,-74.0530467420547,No VIS,2,Usaquén,31722,Platino Park 105
Cl. 97 # 21-23,Chicó,4.68399223685544,-74.0554358938169,No VIS,14,Chapinero,31730,Botanika Otium
Cl. 108 # 45A-51,Pasadena,4.69527252093637,-74.056733409654,No VIS,2,Suba,31738,Akantos 108 +
Cr. 18 # 84-56,Antiguo Country,4.67028379733966,-74.0570176565049,No VIS,8,Chapinero,31748,Country 85
Cl. 88 # 7A-25,Cabrera,4.66895782548171,-74.0462999784054,No VIS,10,Chapinero,31749,88 x 8 +
Cr. 11BBis # 118-97,Santa Bárbara,4.69809244640757,-74.0375546904667,No VIS,3,Usaquén,31756,Lerén 118
Cr. 51 # 102A-64,Pasadena,4.6908754934796,-74.0618203776507,No VIS,4,Suba,31758,Fenicia Aptos.
Cr. 23 # 103A-31,Chicó Navarra,4.70172505186967,-74.0532939303375,No VIS,2,Usaquén,31768,Mint 1
Cl. 121 # 47-56,El Batán,4.70291154722133,-74.0573233919035,No VIS,5,Suba,31769,Villa Pau III
Cr. 5 # 127B-05,Bella Suiza Oriental,4.70469339241761,-74.0259941108026,No VIS,2,Usaquén,31770,Altos de Bella Suiza
Cl. 120 # 15A-44,Santa Bárbara,4.6995973842858,-74.0442846690544,No VIS,2,Usaquén,31772,Quanttico 120
Cr. 7C # 138-60,Belmira,4.71663073435967,-74.0309641561039,No VIS,38,Usaquén,31773,Altos de Belmira
Cr. 7 # 81-26,Cabrera,4.66235944546372,-74.0489520255863,No VIS,8,Chapinero,31776,Metropolitano +
Cr. 9Bis # 97-20,Chicó,4.6788409396536,-74.0425308004803,No VIS,5,Chapinero,31778,Prato +
Cr. 13A # 109-97,Santa Paula,4.6921663096936,-74.0421873876911,No VIS,20,Usaquén,31782,Alturia 109
Cl. 98 # 19A-21,Chicó,4.68485862723529,-74.0535179222378,No VIS,1,Chapinero,31783,Artek 98 +
Cl. 92 # 14-11,Chicó,4.67524696267572,-74.0518983644319,No VIS,4,Chapinero,31789,Novo 92 +
Cr. 7A # 122-09,Santa Bárbara,4.69863000923285,-74.0312221451315,No VIS,3,Usaquén,31790,Maralta
Dg. 76 # 1-45,Rosales,4.65521082068137,-74.05005931796,No VIS,1,Chapinero,31791,Solhe
Cl. 114A # 15-63,Santa Bárbara,4.69548220300296,-74.0439665146271,No VIS,9,Usaquén,31795,Urban - Atenea +
Cr. 15 # 127A-26,La Carolina,4.70706825478872,-74.0422971875623,No VIS,4,Usaquén,31797,Nou La Carolina
Cl. 134 # 19A-46,Nueva Autopista,4.71869803003999,-74.0485490677041,No VIS,8,Usaquén,31799,KD Essential
Cl. 92 # 16-30,Chicó,4.67686749733944,-74.0535256616056,No VIS,2,Chapinero,31803,Liquidambar
Cr. 11B # 98-36,Chicó,4.68188074905754,-74.0452198059159,No VIS,8,Chapinero,31826,Area 98 +
Cr. 18A # 134A-17,Contador,4.71914765224096,-74.0462937830277,No VIS,3,Usaquén,31827,Salvatore Apartamentos
Av. Cl. 145 # 119A-58,Córdoba,4.70729473308175,-74.0703800977272,No VIS,187,Suba,31831,Provenza Prestige
Cl. 92 # 7A-04,Chicó,4.67200912551242,-74.0443095687768,No VIS,10,Chapinero,31833,Quintessence Museo +
Cl. 105A # 14-76,Santa Paula,4.68956084898385,-74.04571774018,No VIS,2,Usaquén,31835,Zarkis
Cl. 96 # 19A-80,Chicó,4.68382877049892,-74.0544205734535,No VIS,42,Chapinero,31841,Terrasse City Club
Cr. 23 # 137-04,Nueva Autopista,4.72158542551053,-74.0506488325776,No VIS,2,Usaquén,31842,Bella Terra
Cr. 50 # 106-69,Pasadena,4.69585446674045,-74.0607088148302,No VIS,23,Suba,31843,Pasadena 106 +
Cl. 135B # 12B-18,Nuevo Country,4.71753108448591,-74.0401948835765,No VIS,1,Usaquén,31844,Antique
Cl. 95 # 21-80,Chicó,4.68327524959813,-74.0559958369792,No VIS,10,Chapinero,31846,Urban K
Av. Cr. 9 # 104-43,Santa Paula,4.68781858594612,-74.0438305580481,No VIS,17,Usaquén,31847,Davidia 104
Cr. 14 # 117-14,Santa Bárbara,4.69682497414964,-74.0405184093077,No VIS,11,Usaquén,31849,Sakura
Cr. 19A # 86A-16,Antiguo Country,4.67300000041723,-74.0571999996901,No VIS,2,Chapinero,31850,Kubik Virrey IV
Cr. 11 # 93A-38,Chicó,4.67603929314866,-74.0463882787626,No VIS,7,Chapinero,31851,Canvas
Cl. 153 # 103B-76,Suba Salitre,4.75451843609275,-74.0917075274981,No VIS,5,Suba,31854,Pinar Plaza
Cl. 126A # 7C-37,Santa Bárbara,4.70218144334549,-74.0318918094635,No VIS,2,Usaquén,31856,NT Tower
Cl. 101 # 16-47,San Patricio,4.6862757076364,-74.0495653302246,No VIS,2,Usaquén,31857,Equilibrium 101 +
Cr. 7 # 155-80,Barrancas,4.73074354779865,-74.0231799898361,No VIS,14,Usaquén,31860,North Point House
Cr. 20 # 120-50,Santa Bárbara,4.7014203851299,-74.050933050034,No VIS,1,Usaquén,31861,Vìú Park +
Cl. 134Bis # 17-62,Contador,4.71810000017285,-74.0453000003472,No VIS,7,Usaquén,31862,Country 134
Cl. 102A # 46-12,Santa Margarita,4.68958255192836,-74.0584409657694,No VIS,3,Suba,31863,Rigel +
Cl. 128 # 7E- 40,Bella Suiza,4.70979999937117,-74.0323999999091,No VIS,6,Usaquén,31865,Catalonia en Bella Suiza ..
Cl. 104A # 47A-06,Santa Margarita,4.69244394220879,-74.0589127041517,No VIS,4,Suba,31866,Essena Park +
Cr. 52 # 106-74,Pasadena,4.6952999997884,-74.061999999918,No VIS,1,Suba,31867,Vival Pasadena 52
Cr. 16A # 86A-79,Antiguo Country,4.6726994418845,-74.0552429168248,No VIS,1,Chapinero,31869,Virrey 86A
Cr. 7ABis # 124-60,Santa Bárbara,4.7007999997586,-74.0299000004306,No VIS,4,Usaquén,31870,Studio 124 Home Office
Cr. 7A # 130-47,Bella Suiza,4.70894202718456,-74.0294373958781,No VIS,12,Usaquén,31871,Orbba 130
Cl. 137B # 104-35,Suba,4.74060740631246,-74.0992002313609,No VIS,2,Suba,31873,Ikará
Cr. 7B # 124-40,Santa Bárbara,4.7006890518327,-74.0307678113129,No VIS,3,Usaquén,31874,Modena 124 +
Cl. 80 # 7-29,Cabrera,4.66200000047684,-74.0500999996439,No VIS,2,Chapinero,31875,Neos Nogal ..
Cl. 108 # 17A-18,San Patricio,4.69355182126732,-74.0482839683682,No VIS,6,Usaquén,31877,Kausary
Cl. 134C # 12B-36,Lisboa,4.71637052094712,-74.0405926687051,No VIS,16,Usaquén,31879,Antique Reservado
Cr. 15A # 124-22,Santa Bárbara,4.70236833586404,-74.0434722008069,No VIS,6,Usaquén,31880,Buonvivere 124..
Cr. 22 # 137-71,Nueva Autopista,4.72330000065267,-74.0493999999017,No VIS,8,Usaquén,31881,Area 137
Cr. 17A # 122-97,Santa Bárbara,4.70228036253492,-74.0463244407986,No VIS,3,Usaquén,31883,Venetto
Cr. 19 # 93-53,Chicó,4.67870000004768,-74.0547000002116,No VIS,10,Chapinero,31886,Macedonia
Cl. 108 # 17A-45,San Patricio,4.69383372132209,-74.0481591506676,No VIS,7,Usaquén,31889,108 Green Park
Cl. 134A # 10A-11,Lisboa,4.71687250450766,-74.0368813336465,No VIS,2,Usaquén,31894,Dika
Cr. 16 # 136-60,Contador,4.71871724215306,-74.0445182106368,No VIS,3,Usaquén,31895,Black 136
Cr. 51 # 103B-24,Pasadena,4.69189999997616,-74.0619000000879,No VIS,1,Suba,31897,Portal 51 ..
Cl. 95 # 20-28,Chicó,4.68245462560413,-74.0549146434747,No VIS,27,Chapinero,31904,Casa Chicó
Cr. 21 # 118-34,Santa Bárbara,4.70044471235427,-74.0502984875165,No VIS,1,Usaquén,31907,Edificio Calabria
Cr. 19A # 134-55,Nueva Autopista,4.71894208148235,-74.0482380745227,No VIS,5,Usaquén,31909,Dual 134 House
Cr. 18 # 93A-18,Chicó,4.67888916273384,-74.053365003378,No VIS,4,Chapinero,31911,Balcony 93-18
Cr. 19B # 85-63,Antiguo Country,4.67261491170617,-74.0582237169,No VIS,5,Chapinero,31915,D.C.
Cl. 135C # 13-40,Lisboa,4.7187577381744,-74.0411443482292,No VIS,2,Usaquén,31917,Kauri 135
Tv. 5 # 87-42,Rosales,4.66709999926388,-74.0449000000954,No VIS,6,Chapinero,31922,Ed. Porta 87..
Cl. 82 # 6-13,Rosales,4.66239999979734,-74.0483999997377,No VIS,4,Chapinero,31923,Antia
Cr. 7B # 146-20,Belmira,4.7221000008285,-74.0281999995932,No VIS,4,Usaquén,31924,Novo 146
Tv. 21 # 122-81,Santa Bárbara,4.70380000025034,-74.0515999998897,No VIS,12,Usaquén,31926,Balcones de Jericó
Cl. 131A # 19-49,Calleja,4.71550000086427,-74.0483999997377,No VIS,14,Usaquén,31927,Kioto
Cr. 23 # 103-87,Chicó Navarra,4.69026359969081,-74.0556785162782,No VIS,2,Usaquén,31929,Klee 103
Cl. 95 # 19A-09,Chicó,4.68252613480384,-74.0539025911617,No VIS,35,Chapinero,31935,Akai 95
Cl. 79B # 4-23,Nogal,4.66062739340498,-74.0485736231542,No VIS,10,Chapinero,31937,Serrania de los Nogales Et. II
Cl. 106 # 17-35,San Patricio,4.69209623321308,-74.048118588481,No VIS,8,Usaquén,31938,Torre 106 +
Cr. 49B # 102A-37,Pasadena,4.69087742516442,-74.063295440242,No VIS,38,Suba,31940,Torre de San Simon + ..
Cl. 106 # 19A-89,Chicó Navarra,4.69341062173933,-74.0531279751683,No VIS,7,Usaquén,31942,Vasily 106
Cr. 19A # 106A-30,Chicó Navarra,4.69390000030398,-74.0513000003994,No VIS,13,Usaquén,31943,Edificio Domus
Cl. 145A # 16A-13,Cedritos,4.7272217353828,-74.0430126640376,No VIS,55,Usaquén,31944,Cedro Alto II
Cr. 16 # 143-85,Cedritos,4.72555170701241,-74.0421798844021,No VIS,2,Usaquén,31945,Via al Cedro V
Cl. 125 # 17A-03,Santa Bárbara,4.70380000025034,-74.0459000002593,No VIS,6,Usaquén,31946,Element 125
Cr. 20 # 137-68,Nueva Autopista,4.72350000031292,-74.0478999996558,No VIS,6,Usaquén,31948,Osahar II
Cl. 106 # 21-31,Chicó Navarra,4.69302596953685,-74.0537082247483,No VIS,14,Usaquén,31950,Botanika BioPark
Cr. 54 # 105-08,Puente Largo,4.69412377206616,-74.0632456346855,No VIS,4,Suba,31951,Nesoi
Cr. 10 # 134B-10,Lisboa,4.71467180573077,-74.0342264978754,No VIS,17,Usaquén,31952,Oporto Aptos
Av. Cr. 9 # 117A-21,Santa Bárbara,4.69539999961853,-74.0340999998152,No VIS,8,Usaquén,31954,Ipcua
Cr. 13A # 127-50,La Carolina,4.70547588376267,-74.0397484450222,No VIS,4,Usaquén,31955,Albatross
Cl. 124 # 18-43,Santa Bárbara,4.70331828787228,-74.047173457529,No VIS,4,Usaquén,31956,De Cambil 124
Cl. 87 # 12-55,Cabrera,4.67100078661142,-74.0518400035996,No VIS,8,Chapinero,31957,Trento
Cl. 104 # 58A-22,Puente Largo,4.69189667787916,-74.0652527810688,No VIS,5,Suba,31958,La Palma
Cl. 121 # 45A-31,El Batán,4.70234792289393,-74.0560263010229,No VIS,2,Suba,31959,Protos
Cl. 118 # 21-05,Santa Bárbara,4.69971637687001,-74.0523692165832,No VIS,5,Usaquén,31960,Habitat 118
Cr. 20 # 127A-05,Calleja,4.70793827316006,-74.0505818928742,No VIS,4,Usaquén,31961,Maleiwa Park
Tv. 3 # 84-73,Rosales,4.663200000301,-74.0483999997377,No VIS,20,Chapinero,31962,ULB Gold
Cl. 103 # 14-21,Santa Paula,4.68724049266683,-74.0479424866665,No VIS,25,Usaquén,31963,High Park
Cr. 15 # 136-35,Contador,4.72065965736763,-74.0434912076059,No VIS,12,Usaquén,31964,Maré
Cl. 103A # 47A-14,Santa Margarita,4.69076127228317,-74.0611352267426,No VIS,14,Suba,31965,Balcony 103 +
Cl. 87 # 19-09,Antiguo Country,4.67347512048623,-74.0564734241418,No VIS,9,Chapinero,31966,Virrey 87 /19
Cr. 50 # 106-17,Pasadena,4.69488990543933,-74.060864937009,No VIS,4,Suba,31968,Portal 50.2 ..
Cl. 92 # 5-25,Chicó,4.67180064991555,-74.0428771668802,No VIS,5,Chapinero,31971,Edificio 5-93 +..
Cl. 140 # 22-23,Nueva Autopista,4.72376408198695,-74.0495431455912,No VIS,5,Usaquén,31972,Kavala Stanza
Cr. 17 # 93-40,Chicó,4.67786993522898,-74.0529776332606,No VIS,3,Chapinero,31973,Teide 93
Cl. 103 # 14-34,Santa Paula,4.67228847457477,-74.0553992338745,No VIS,5,Chapinero,31975,Capital Lofts
Cl. 110 # 15-36,San Patricio,4.69401595700136,-74.0448796024966,No VIS,7,Usaquén,31976,Natúa 110
Cr. 51 # 103B-53,Pasadena,4.69202507529801,-74.0620753055124,No VIS,3,Suba,31977,Umbracle Pasadena
Cl. 126 # 46-25,El Batán,4.70641890206396,-74.0560355241497,No VIS,4,Suba,31978,Torrearte
Cl. 97 # 11A-52,Chicó,4.68074511521326,-74.0458065505682,No VIS,5,Chapinero,31979,Magnolio
Cl. 84 # 8-48,Cabrera,4.6656253243432,-74.0490118858744,No VIS,7,Chapinero,31980,Octava ..
Cr. 17A # 102-78,Chicó Norte,4.68816261483396,-74.0497996935095,No VIS,2,Usaquén,31982,Maderos
Cr. 16 # 110-60,San Patricio,4.69461343742283,-74.0455664740406,No VIS,2,Usaquén,31986,Casa Artek
Cr. 10B # 134A-21,Lisboa,4.71487688202353,-74.0360613794718,No VIS,21,Usaquén,31987,Lisboa Real
Cr. 14A # 118-81,Santa Bárbara,4.69790327341094,-74.0416810869249,No VIS,15,Usaquén,31989,Torre Sakai
Cr. 21 # 135-60,Nueva Autopista,4.72071311312976,-74.0489689275398,No VIS,6,Usaquén,31992,Jaén Aptos
Cr. 16 # 95-14,Chicó,4.68143431848447,-74.0502064160001,No VIS,31,Chapinero,31993,16-95 Apartamentos
Cr. 18 # 122-44,Santa Bárbara,4.70187541696602,-74.0466945348691,No VIS,6,Usaquén,31994,Area 122
Cr. 11B # 135C-45,Lisboa,4.71669616480101,-74.0388123093404,No VIS,38,Usaquén,31995,Rincón de Antigua
Cr. 14B # 112-45,Santa Bárbara,4.69519472075292,-74.0427706795223,No VIS,21,Usaquén,31997,Arona
Cr. 9 # 104A-39,Santa Paula,4.68810996701509,-74.0434088895459,No VIS,42,Usaquén,31998,Luminium
Cl. 127 # 7-71,Santa Bárbara,4.70192318760713,-74.0293336831556,No VIS,46,Usaquén,31999,Uptown 127
Cl. 103 # 15-60,Chicó Navarra,4.68842171388815,-74.0479781838835,No VIS,4,Usaquén,32000,103 Senior Living Aptos
Cr. 12 # 113-23,Santa Bárbara,4.69383404562117,-74.0397676028395,No VIS,3,Usaquén,32001,Bosque Alto
Cr. 12 # 116-91,Santa Bárbara,4.69669999927282,-74.0394000001252,No VIS,5,Usaquén,32002,Grazia
Cr. 15A # 118-73,Santa Bárbara,4.69831942322286,-74.0441164250851,No VIS,12,Usaquén,32003,C 118
Tv. 58 # 106-41,Puente Largo,4.69413221007114,-74.0664147640817,No VIS,4,Suba,32004,Ciento Seis 41 ..
Cl. 102 # -53,Pasadena,4.68901172906332,-74.0624893449405,No VIS,95,Suba,32005,Ciien
Cr. 7A # 130-07,Bella Suiza,4.70857020238847,-74.0294199594213,No VIS,46,Usaquén,32007,Reserva de Ginebra
Cr. 18 # 93-15,Chicó,4.67819856761786,-74.0541748896235,No VIS,12,Chapinero,32010,Area 93 +
Cr. 48 # 124-69,El Batán,4.70585976071956,-74.0574201447308,No VIS,9,Suba,32011,Edificio San Pedro
Cr. 14A # 103-92,Santa Paula,4.68818107116652,-74.0459562691079,No VIS,3,Usaquén,32012,City Live 104
Cr. 18A # 137-73,Contador,4.72269064291396,-74.0457708025762,No VIS,18,Usaquén,32013,Mandala 140
Cr. 50A # 122-11,El Batán,4.70392378394673,-74.0595235363551,No VIS,12,Suba,32014,Miyazu 122
Cr. 1 # 78-21 Este,Rosales,4.65791138123578,-74.0475886763032,No VIS,10,Chapinero,32015,Icono 77 - Rosales ..
Cl. 112 # 1-03,Santa Ana Oriental,4.68851030547975,-74.0279725059621,No VIS,2,Usaquén,32016,Edificio Amaya *
Cl. 103 Av. 19,Chico Navarra,4.68863516542903,-74.0519418174228,No VIS,30,Usaquén,32017,Torre Impulsa
Cl. 127A # 18B-62,Calleja Alta,4.70759191285967,-74.0477990055799,No VIS,16,Usaquén,32018,127 Park
Cr. 17A # 106A-28,San Patricio,4.69270832558618,-74.0482898778578,No VIS,2,Usaquén,32019,Quo 106
Cl. 122 # 22-25,Santa Bárbara,4.70222487942561,-74.0528701341604,No VIS,2,Usaquén,32020,Rissani
Tv. 23 # 95-79,Chicó,4.68392742726935,-74.0567384717574,No VIS,64,Chapinero,32021,96 Click
Cl. 93 # 16-15,Chicó,4.67714568640266,-74.0531997658488,VIS,39,Chapinero,32022,Nova Iorque
AutoNorte # 95- 86,Chicó,4.68437489214198,-74.05699842029,No VIS,13,Chapinero,32023,Tokyo + Zero
Cl. 116 # 18B-08,Santa Bárbara,4.69870013309831,-74.048649631216,No VIS,49,Usaquén,32024,Vìú Park 118
Cr. 19 # 127-44,Calleja Alta,4.70630938747148,-74.0484029136085,No VIS,48,Usaquén,32025,Club House 127
Cr. 18 # 137-58,Cedritos,4.72208387764768,-74.0447854899697,No VIS,25,Usaquén,32026,KD Azul
Cr. 8A # 108A-19,Santa Ana Oriental,4.68967965860134,-74.0383893931686,No VIS,37,Usaquén,32027,Torre de la Stazione +
Cr. 7BBis # 123-44,Santa Bárbara,4.69964024199828,-74.0316407333639,No VIS,22,Usaquén,32028,El Roble 124
Cl. 106A # 57-40,Puente Largo,4.69476818038572,-74.0663513451027,No VIS,8,Suba,32029,Edificio Millenium
Cl. 94 # 17-31,Chicó,4.68008226630737,-74.0525008608478,No VIS,19,Chapinero,32030,Benialt 94
Cr. 15 # 135-04,Nuevo Country,4.71796404129956,-74.0420016268597,No VIS,26,Usaquén,32031,Privatto
Cr. 54 # 106-15,Pasadena,4.69493919232385,-74.0635537613832,No VIS,14,Suba,32032,Nativo 106
Cl. 82 Cr 8,Cabrera,4.66425418766968,-74.0501033858001,No VIS,24,Chapinero,32033,Casa Cabrera
Cr. 21 # 135-30,Nueva Autopista,4.72028189495944,-74.0489802509907,No VIS,46,Usaquén,32034,Nuvo Park 135
Cl. 135 # 19-86,Nueva Autopista,4.72009046353009,-74.0477246728163,No VIS,13,Usaquén,32035,Berlín Studio Loft
Cl. 114A # 19A-57,San Patricio,4.69774854166553,-74.0520139023906,No VIS,12,Usaquén,32036,Hauss 114
Cl. 105A # 14-52,Santa Paula,4.68937329435743,-74.0453694149825,No VIS,30,Usaquén,32037,Q. 105
Cl. 110A # 6-07,Santa Ana,4.68861956251681,-74.0338041898586,No VIS,63,Usaquén,32038,Santa Ana +
Av. Cr. 72 # 129-01,Sotileza,4.72275558728683,-74.0758686681688,No VIS,2,Suba,40502,BranteVilla Bosque Res.
Cr. 15 # 173-25,La Alameda,4.75350301930266,-74.0374447744913,No VIS,42,Usaquén,40657,Alameda Plaza
Cl. 131 # 78A-61,Colinas de Suba,4.72392866875598,-74.0772915658462,No VIS,8,Suba,40709,Bosque Verde
Cr. 76 # 160-15,Colinas de Suba,4.74495265069516,-74.0724073353011,No VIS,1,Suba,40754,Ventto
Cr. 79C # 129-20,Colinas de Suba,4.7223198856271,-74.0786970039774,No VIS,1,Suba,40801,Montereserva
Cr. 11A # 191-52,Maranta,4.76928534259819,-74.0319984480707,No VIS,2,Usaquén,40871,Kepler
Cr. 80 # 151-31,Torreladera,4.74290000088513,-74.0763999996707,No VIS,8,Suba,40929,Torreladera Bosque Res. Aptos.
Av. Cl. 127 # 87-51,Altos de los Lagartos,4.71350000053644,-74.0889999996871,No VIS,1,Suba,40941,Gallery Lagartos
Av. Cr. 9A # 146-45,Cedritos,4.7249153803454,-74.0327911877331,No VIS,4,Usaquén,40966,Milano Park
Cr. 87 # 131C-11,Provenza,4.72897601422636,-74.0839680019048,No VIS,2,Suba,40999,Camino del Bosque Casas
Cl. 128B # 80-17,Sotileza,4.71867864043757,-74.0816923299734,No VIS,3,Suba,41004,Cerros de Sotileza
Cr. 19A # 173-70,La Uribe,4.75488185110124,-74.0407223026166,No VIS,5,Usaquén,41011,Támesis 175
San Simón vía. Guayamaral,Guaymaral,4.81300787875415,-74.0500946059279,No VIS,4,Suba,41019,El Mimbre *
Cr. 54D # 134-51,Colina Campestre,4.72333070402623,-74.0607657950862,No VIS,14,Suba,41027,Hacienda Reservada
Cr. 56 # 167C-70,Britalia Norte,4.75194490425782,-74.0574578778461,No VIS,15,Suba,41072,La Bella Fontana
Cl. 152B # 74-77,Colina Campestre,4.74072163999239,-74.0714703771635,No VIS,21,Suba,41081,Nogales
Cr. 58C # 147-81,Colina Campestre,4.73688160430215,-74.0649448721866,No VIS,5,Suba,41094,Rossetti
Cl. 161 # 54-25,Sotavento,4.74215770631345,-74.0549107320453,No VIS,53,Suba,41112,Alejandría - Faro
Cl. 159 # 54-35,Sotavento,4.74017063566339,-74.0555013841534,No VIS,11,Suba,41115,Alejandría - Azimut
Cr. 54 # 153-75,Sotavento,4.74000931891185,-74.0547701220141,No VIS,126,Suba,41116,Alejandría - Vintage
Cl. 159 # 54-69,Sotavento,4.74034225874492,-74.0562348760473,No VIS,21,Suba,41118,Alejandría - Portus
Cl. 159 # 54-36,Sotavento,4.74122548534095,-74.0549467885548,No VIS,57,Suba,41119,Alejandría - Mediterráneo
Cr. 52A # 175-66,Villa del Prado,4.75752965155045,-74.0504250477681,No VIS,68,Suba,41125,Parque Baviera
Cl. 137 # 55-42,Colina Campestre,4.72564621002701,-74.0611220832443,No VIS,2,Suba,41126,Arany
Av. Cr. 72 # 93-25,Lagartos,4.69730000011623,-74.0850999997929,No VIS,2,Suba,41127,Pontenovo
Cr. 7F # 145-88,Cedritos,4.72275712618421,-74.0303342841364,No VIS,1,Usaquén,41131,Imoval XIII
Cl. 147 # 12-80,Cedritos,4.72755047760106,-74.0360978200565,No VIS,7,Usaquén,41144,Gaia 147
Cl. 143 # 18-31,Cedritos,4.72449514047464,-74.0450231725109,No VIS,2,Usaquén,41153,ICR 143
Cr. 81 # 212-41,Guaymaral,4.79301243082579,-74.0617411926504,No VIS,1,Suba,41161,Reserva del Otoñal
Cl. 142 # 11-40,Cedritos,4.72171493846834,-74.0357278384592,No VIS,11,Usaquén,41167,Botanika Telus
Cl. 168 # 8D-25,Santa Teresa,4.74504773252332,-74.0272401201993,No VIS,21,Usaquén,41174,Terraverde
Cl. 152C # 72-65,Gratamira,4.74281712415106,-74.0672017485057,No VIS,4,Suba,41187,Veramonte - Macana
Cl. 147 # 11-10,Cedritos,4.72622218852074,-74.0332001119932,No VIS,38,Usaquén,41211,Cedritos 147
Cr. 55A # 167A-19,Britalia Norte,4.75035114153703,-74.0567389139003,No VIS,2,Suba,41221,Park 170
Cl. 145 # 15-75,Cedritos,4.72627812742272,-74.043028846451,No VIS,3,Usaquén,41222,Imoval XIV
Cr. 7 # 158-51,Barrancas,4.73416691503083,-74.0249328981142,No VIS,102,Usaquén,41226,Séptima Avenida
Cr. 57 # 160-15,Gilmar,4.74316676776373,-74.0602962187422,No VIS,1,Suba,41230,Terragrata
Cl. 170 # 56-45,Britalia Norte,4.7534287188781,-74.0577884048182,No VIS,9,Suba,41238,Belgrano
Cl. 152B # 56-62,Colina Campestre,4.73913636638701,-74.0608447052694,No VIS,6,Suba,41240,Klimt
Cr. 56 # 152B-71,Colina Campestre,4.73984836973589,-74.0603188492605,No VIS,67,Suba,41248,Picabia
Cl. 170 # 7A-17,Santa Teresa,4.7453058199654,-74.0246936709164,No VIS,35,Usaquén,41249,Miramont Park
Cr. 87 # 131C-11,Provenza,4.72897601422636,-74.0839680019048,No VIS,23,Suba,41251,Camino del Bosque Aptos
Cl. 147 # 72C-06,Colina Campestre,4.73793986806847,-74.0677295917917,No VIS,105,Suba,41272,Pratum
Cl. 187A # 8-46,Tibabita,4.76410000026226,-74.0295000001788,No VIS,3,Usaquén,41284,Terrazze 187
Cr. 8D # 192-40,Tibavita,4.76938462429137,-74.0300305757146,No VIS,5,Usaquén,41312,Ed. San Rafael
Cl. 170 # 69-45,Britalia Norte,4.75886771197204,-74.0652707714128,No VIS,135,Suba,41325,Baviera
Cl. 167D # 8-33,Santa Teresa,4.74469999969006,-74.0257000001147,No VIS,18,Usaquén,41326,Íkona 167
Cr. 73 # 152B-65,Gratamira,4.74174573797398,-74.0672183226903,No VIS,25,Suba,41330,Veramonte - Teca
Cl. 183 # 7A-41,San Antonio,4.76002129418789,-74.0278226380067,No VIS,6,Usaquén,41336,Ladera 183
Cr. 58BBis # 128B-14,Las Villas,4.71700000017881,-74.0706000002101,No VIS,1,Suba,41342,Axxes 128
Cl. 165B # 56B-20,Cantalejo,4.74853401651425,-74.058938037553,No VIS,3,Suba,41368,Itzatá Reservado
Cl. 152C # 73-75,Gratamira,4.74357524543188,-74.0701664855227,No VIS,80,Suba,41374,Veramonte - Ébano
Cr. 72BIS # 152B-25,Gratamira,4.742706795439,-74.0693011458645,No VIS,85,Suba,41375,Veramonte - Olmo
Cr. 63 # 103C-18,Andes,4.69145009989933,-74.0666092653702,No VIS,3,Suba,41377,Torre Andes +
"Vda. La Balsa, Guaymaral",Guaymaral,4.82015490959289,-74.0695118824687,No VIS,14,Suba,41389,Naples Cond.
Cr. 56 # 167A-03,Cantalejo,4.75035348876059,-74.0594000505338,No VIS,22,Suba,41392,Mawí
Cl. 128B # 58A-20,Las Villas,4.71670089631482,-74.0704506009296,No VIS,1,Suba,41396,Villa Mara
Cr. 58B # 129A-23,Ciudad Jardín Norte,4.71913269857967,-74.0696534376051,No VIS,9,Suba,41398,Osaka
Cr. 56 # 160-57,Cantalejo,4.74330294468184,-74.0591817007786,No VIS,13,Suba,41399,Torres de Cantalejo ..
Cl. 128C # 47-04,Prado Veraniego,4.71510528183257,-74.0555872041435,No VIS,3,Suba,41402,Prado 128
Cr. 80 # 146F-64,Casablanca,4.73727135390335,-74.0769823053846,No VIS,16,Suba,41404,Terra Vista 147
Cr. 58C # 147-36,Colina Campestre,4.7386000007391,-74.0604999996722,No VIS,25,Suba,41417,Carrá
Cr. 54A # 169-71,Britalia Norte,4.75255081564459,-74.0537396923445,No VIS,5,Suba,41418,Verona 170
Cl. 135 # 47-54,Spring,4.72169999964535,-74.0539999995381,No VIS,3,Suba,41429,La Esperanza
Cl. 135 # 45A-55,Spring,4.72124074202322,-74.0552025948469,No VIS,2,Suba,41431,Spring Art
Tv. 53D # 129-50,Prado Veraniego,4.71649999916554,-74.0636999998242,No VIS,29,Suba,41436,Nueva Colina - Amonte
Tv. 53D # 129-50,Prado Veraniego,4.71649999916554,-74.0636999998242,No VIS,19,Suba,41437,Nueva Colina - Turó
Cr. 9A # 63-18,Chapinero,4.64902942796979,-74.0613636201403,No VIS,3,Chapinero,41463,Lourdes 63
Av. Cr. 14 # 28A-89,Bello Horizonte,4.61770377813286,-74.0719825574166,No VIS,4,Teusaquillo,41464,Mitika
Cr. 14 # 33-50,Parque Bavaria,4.62182838001389,-74.0693662908847,No VIS,35,Santa Fe,41465,33 DC
Cr. 35 # 54-28,Nicolas de Federman,4.64503734891587,-74.0796314509907,No VIS,5,Teusaquillo,41466,Metropolitan Park
Dg. 60A # 22A-59,San Luis,4.6473999992013,-74.0713999997824,No VIS,3,Teusaquillo,41467,Varenna Aptos
Dg. 54 # 24-57,Galerias,4.644668339523,-74.0732858601252,No VIS,3,Teusaquillo,41468,CRZ-4
Tv. 24A # 60-23,San Luis,4.64680000022054,-74.0727000003681,No VIS,1,Teusaquillo,41469,Arabi Uno
Cr. 77BBis # 78-45,San Jose de la Granja,4.69793647245526,-74.0952978353928,No VIS,5,Engativá,41473,Marbore Reservado
Cl. 17 # 135-20,Florencia,4.69500000029802,-74.1688000001013,VIS,6,Fontibón,41475,Caminos de Fontibón
Cr. 14 # 33-50,Parque Bavaria,4.62182838001389,-74.0693662908847,No VIS,42,Santa Fe,41476,33 DC Res. Estudiantiles
Cl. 52 # 14-52,Quesada,4.6397745179605,-74.0670867202189,No VIS,14,Teusaquillo,41477,Gallery Loft 52
Cr. 14 # 32-20,Parque Bavaria,4.62040000036359,-74.070000000298,No VIS,136,Santa Fe,41478,Teik
Cl. 67 # 11-80,Quinta Camacho,4.65359805774005,-74.0624090182475,No VIS,85,Chapinero,41479,Garden Club
Cl. 12A # 27-14,Ricaurte,4.6111277269694,-74.0905259133674,No VIS,9,Los Mártires,41480,Torre Picasso
Cr. 27 # 50-11,Chapinero,4.63920000009239,-74.0765000004321,No VIS,1,Teusaquillo,41482,Edificio Hilares
Cr. 68D # 57H-65 Sur,La Española,4.70739431658606,-74.0953454316166,No VIS,18,Engativá,41488,Ed. Zafiro Paris
Cl. 17 # 22-50,Paloquemao,4.61280000023544,-74.085699999705,VIS,210,Los Mártires,41489,Centenari
Cl. 60 # 35A-51,Nicolas de Federman,4.65029261614336,-74.0804332413733,No VIS,5,Teusaquillo,41490,Edificio 8
Cl. 44 # 16-74,Palermo,4.6324552382758,-74.0707067859149,No VIS,4,Teusaquillo,41492,Alameda 44
Av. Cl. 26 # 37-19,El Recuerdo,4.63247280457088,-74.0855332600503,No VIS,11,Teusaquillo,41493,Urban 26
Cr. 87B # 8C-99,El Tintal,4.65056596613141,-74.1500821849249,VIS,1,Kennedy,41494,Vizcaya Castilla Reservado
Cl. 64D # 113B-49,Engativa,4.70897277854267,-74.1378657082422,VIS,12,Engativá,41495,Conj Res. Murano
Cr. 116 # 78B-35,Gran Granada,4.72291523745774,-74.1247888569431,No VIS,39,Engativá,41496,Senderos de Granada
Cr. 100 # 16C-80,El Carmen,4.67029570595697,-74.1487643871998,VIS,9,Fontibón,41497,Parque Central Fontibon 1
Cl. 63 # 1-05,Maria Cristina,4.64413957997535,-74.054195078961,No VIS,175,Chapinero,41498,View 63
Av. Cl. 24 # 47A-25,Quinta Paredes,4.63604066221171,-74.0966944954766,No VIS,12,Teusaquillo,41499,Central
Cl. 72A # 57-22,San Fernando,4.6717697735698,-74.0774615968847,No VIS,5,Barrios Unidos,41500,Ed. El Caballero
Cl. 22ABis # 44A-72,Quinta Paredes,4.63339010396268,-74.0962889201688,No VIS,5,Teusaquillo,41502,Kaitoke 22
Cl. 27 # 33-28,Quinta Paredes,4.63088964745456,-74.0825011008372,No VIS,2,Teusaquillo,41503,Ed. Abitti
Tv. 4 Este # 1-60,El Castillo,4.64197113441054,-74.0563844840065,No VIS,11,Chapinero,41507,Sierra 1.60
Cl. 70 Sur # 87-12,Independencia,4.61975557617659,-74.1949240175629,VIS,1,Bosa,41509,Huitaca Residencial
Cr. 72Bis # 74-66,Santa Maria del Lago,4.69027631024282,-74.0936046822949,No VIS,4,Engativá,41510,Santa María
Cl. 17 # 4-28,Centro,4.60211518396847,-74.0697707710285,No VIS,75,Santa Fe,41511,Pascal
Cl. 24 # 32-19,Gran América,4.62582123717743,-74.0855909905376,No VIS,195,Teusaquillo,41512,Eon
Cl. 60 # 9-57,Chapinero,4.6459914700983,-74.0629002013883,No VIS,1,Chapinero,41513,Microloft 60
Dg. 59 # 23-54,San Luis,4.64621128018513,-74.0723415666813,No VIS,4,Teusaquillo,41514,Maikai
Cr. 50 # 61-10,Nicolas de Federman,4.65219168588525,-74.0838241886163,No VIS,3,Teusaquillo,41515,Torre Verne
Cl. 51 # 3-66,Chapinero Alto,4.6356314970305,-74.0610119170555,No VIS,2,Chapinero,41516,Torres de Adar lll ..
Cl. 22 # 104-40,La Giralda,4.67937369899718,-74.1432950950681,No VIS,3,Fontibón,41520,Edificio Mandarino
Av. Cl. 22 # 97B-27,Villemar,4.67521574377729,-74.1403522096488,No VIS,11,Fontibón,41521,Esmeralda
Cr. 50 # 57B-42,Nicolas de Federman,4.64911017725973,-74.0850419269525,No VIS,11,Teusaquillo,41525,Eva 57 Nicolás
Cr. 82A # 69-05 Sur,Islandia,4.6152820929273,-74.1939926424913,VIS,127,Bosa,41527,Parque Primaveral
Cr. 81I Bis # 54-18 Sur,El Carmelo,4.62029943139763,-74.1773276357448,No VIS,1,Kennedy,41528,Arquilibrium 90
Cr. 5 # 16-58,Veracruz,4.60221464357678,-74.0709032906191,No VIS,6,Santa Fe,41529,Da Vinci Apartaestudios
Cr. 31 # 4-31,Veraguas,4.60494618566851,-74.1014043401417,No VIS,1,Puente Aranda,41531,Veraguas Reservado
Cl. 7 # 2-39,La Candelaria,4.59288477513904,-74.0731260623295,No VIS,24,La Candelaria,41532,Ed. Comuneros
Cr. 113 # 19A-11,Fontibon,4.68390939862584,-74.1508090558778,VIS,105,Fontibón,41533,Lares Fontibón II - Vis
Cl. 64D # 112B-84,Engativa,4.70609262051697,-74.1352183368534,No VIS,11,Engativá,41534,La Baita
Cr. 98A # 22A-13,La Giralda,4.67658034777817,-74.1399029993642,No VIS,4,Fontibón,41535,Hyntiba 98
Tv. 3A # 54A-24,Chapinero,4.64032863112349,-74.059999200144,No VIS,5,Chapinero,41537,Chapinero Hub
Cl. 60Bis # 1-64,Chapinero Alto,4.64292995222014,-74.056520773622,No VIS,3,Chapinero,41538,Origami 60
Cr. 47 # 22A-36,Quinta Paredes,4.63482936121817,-74.0969664645445,No VIS,5,Teusaquillo,41540,Espacio 47
Cl. 58Bis # 10-19,Chapinero,4.64459082513507,-74.0639840445764,VIS,3,Chapinero,41541,Living 58
Av. Cr. 6 # 68A-05,Marsella III,4.62781484290743,-74.1242400375168,No VIS,48,Kennedy,41542,Boreal
Cr. 7 # 61-24,Chapinero,4.64635959722672,-74.0603362240977,No VIS,27,Chapinero,41543,Torres de Adar IV ..
Cr. 123A # 77B-85,Gran Granada,4.72456482938072,-74.1343157686953,No VIS,72,Engativá,41544,Tinguazul
Cl. 78 # 76-40,La Granja,4.69700000062585,-74.0944999996573,No VIS,5,Engativá,41545,Jardines de La Granja
Cr. 68D # 57H-65 Sur,Villa del Rio,4.597353911666,-74.1603145739116,VIS,5,Bosa,41546,Senderos de Madelena ll
Cr. 78Bis # 76-75,La Granja,4.69692998275196,-74.0971272965452,No VIS,21,Engativá,41547,Cadiz
Cl. 22 # 44A-42,Quinta Paredes,4.63200241485802,-74.0970932901264,No VIS,9,Teusaquillo,41548,Pinesloft
Cl. 1 # 32B-80,Santa Matilde,4.60097448424537,-74.108682918412,No VIS,12,Puente Aranda,41549,Boreal Santa Matilde
Cl. 3 # 36-56,Veraguas,4.60880353307566,-74.1072830599758,VIS,1,Puente Aranda,41550,Oporto Club Res.
Cl. 82Bis # 27-34,Polo Club,4.67127631641557,-74.0644434548439,No VIS,21,Barrios Unidos,41552,Udara Polo
Cr. 67 # 67F-79,Jose Joaquin Vargas,4.67611665757776,-74.0861992793057,No VIS,14,Barrios Unidos,41553,Torres de las Lajas
Cl. 34 # 7-59,Centro,4.62155107762738,-74.0677278924645,No VIS,108,Santa Fe,41554,Citadinno
Cr. 24 # 61D-78,San Luis,4.64911570445433,-74.0726245195079,No VIS,4,Teusaquillo,41555,Armonía
Dg. 60A # 22A-70,San Luis,4.64756885239869,-74.072456871068,No VIS,4,Teusaquillo,41556,Camino de San Luis
Cr. 15 # 48-21,Palermo,4.63593108741192,-74.0683959759694,No VIS,162,Teusaquillo,41557,Urbano 48 - Vis
Cr. 116 # 19-45,San Pablo,4.68681749380945,-74.1536318873634,VIS,413,Fontibón,41558,Bonaire Club Residencial
Cl. 22B # 44-05,Quinta Paredes,4.63267888264069,-74.0949742949255,No VIS,19,Teusaquillo,41559,Ed. Avila
Cr. 45A # 94-26,La Castellana,4.682438146643,-74.058749401988,No VIS,82,Barrios Unidos,41560,ADN Microliving Castellana
Cl. 60 # 9-34,Chapinero,4.6464061087606,-74.0624796161526,No VIS,220,Chapinero,41561,Urban 9-60
Cr. 13 # 53-75,Chapinero,4.64102114524402,-74.0652728212341,No VIS,139,Chapinero,41562,Viao 53
Cr. 10 # 54A-31,Chapinero,4.64139850502128,-74.0639115558817,No VIS,35,Chapinero,41563,Open 10k
Cr. 26 # 49-26,Galerias,4.63830428267175,-74.0757385481931,No VIS,12,Teusaquillo,41564,Vivo
Cr. 27 # 24B-45,Usatama,4.62288820845884,-74.0792487625761,No VIS,13,Los Mártires,41565,Fiori
Cl. 25 Sur # 68H-74,Carvajal,4.61263532571621,-74.133112993836,No VIS,23,Kennedy,41566,Vival del Carvajal
Cl. 67A # 113C-27,Engativa,4.71033150220855,-74.1360585389178,No VIS,130,Engativá,41567,Oikos Varena
Dg. 53D # 22A-25,Galerias,4.64346076114188,-74.0727854169574,No VIS,22,Teusaquillo,41568,Proyecto Silver
Cl. 58Bis # 9-49,Chapinero,4.64444556379818,-74.0635959376693,No VIS,82,Chapinero,41570,Almagro
Cl. 6 # 18-04,La Estanzuela,4.59989349246567,-74.0880982803754,No VIS,34,Los Mártires,41571,Aruma
Cl. 22 # 102-49,La Cabaña,4.6776484706346,-74.14240167549,VIS,37,Fontibón,41572,Jitaku
Tv. 123 # 63F-26,Villa Claver,4.71392339232367,-74.1433904018766,VIP,37,Engativá,41573,Miravento
Cr. 116 # 77B-35,Villas de Granada,4.72201326752136,-74.1256986105143,No VIS,41,Engativá,41574,Caminos de Granada
Cl. 14A # 123-25,El Recodo,4.681645343373,-74.1679656759995,VIP,37,Fontibón,41575,El Poblado Aptos.
Cl. 61 # 9-65,Chapinero,4.64682185503094,-74.0624691723437,No VIS,31,Chapinero,41576,Ed. Manuel Franco
Cr. 38 # 12A-21,Zona Industrial,4.61947464096696,-74.0998530408701,No VIS,37,Puente Aranda,41577,38 Plus
Cl. 78B # 123A-35,Villas de Granada,4.7234772592767,-74.1316446461665,No VIS,53,Engativá,41578,Reserva de Granada V
Cr. 98 # 16B-86,Centenario,4.66840778766271,-74.147952798694,VIS,33,Fontibón,41579,Avanti 98
Cl. 12 # 25A-12,Ricaurte,4.60961935250594,-74.089693590371,VIS,120,Los Mártires,41581,Torres De Vicino
Tv. 27 # 57-12,San Luis,4.64570294899631,-74.0740065803859,No VIS,43,Teusaquillo,41582,Batlló Edificio
Cr. 16 # 60-52,San Luis,4.64795402322656,-74.0669220901745,No VIS,168,Teusaquillo,41583,Nou 60
Cr. 20 # 50-12,Galerias,4.63848220407857,-74.0716367106587,No VIS,75,Teusaquillo,41584,Yambú
Cr. 11 # 146-91,Cedritos,4.72537141475399,-74.0333023433909,No VIS,25,Usaquén,49000,147 Square
Cl. 147 # 7G-40,Cedritos,4.72538176225502,-74.0312402098213,No VIS,2,Usaquén,49001,Las Palmas Aptos.
Cl. 146 # 13-22,Cedritos,4.72695332257954,-74.0380272327461,No VIS,4,Usaquén,49006,Smart Home 146
Cr. 7B # 145-81,Cedritos,4.72177049002413,-74.0284672727768,No VIS,3,Usaquén,49008,Giralda 145
Cl. 145 # 13A-19,Cedritos,4.72534926989939,-74.0394379541499,No VIS,3,Usaquén,49009,Alborada 145
Cl. 144 # 12-78,Cedritos,4.72416657507435,-74.0378606113906,No VIS,20,Usaquén,49014,Acereto
Cl. 146Bis # 9-25,Cedritos,4.72426375516298,-74.0327325768583,No VIS,6,Usaquén,49015,Manzana Verde
Cr. 19A # 151-46,Cedritos,4.73342753415719,-74.045292396478,No VIS,1,Usaquén,49017,Mirador del Cedro I
Cr. 20 # 151-08,Cedritos,4.73360265934808,-74.0461447922153,No VIS,4,Usaquén,49018,Mirador del Cedro II
Cl. 145 # 12-94,Cedritos,4.72519999928772,-74.0380999995396,No VIS,34,Usaquén,49019,Vivaio
Cl. 145A # 16A-13,Cedritos,4.7272217353828,-74.0430126640376,No VIS,8,Usaquén,49021,Cedro Alto
Cl. 147 # 7G-52,Cedritos,4.72551749793841,-74.0315443214868,No VIS,31,Usaquén,49022,Scala 28
Cr. 19A # 151-15,Las Margaritas,4.73320000059903,-74.0456999996677,No VIS,19,Usaquén,49023,Mirador del Cedro III ..
Cr. 8 # 190-52,Tibabita,4.76718377465721,-74.0284509626366,No VIS,12,Usaquén,49024,Kolina de Santa Inés
Cr. 15 # 173-91,Alameda,4.7520614637912,-74.0373168464032,No VIS,25,Usaquén,49026,Alameda 170
Cl. 145 # 9-55,Cedritos,4.72246422539836,-74.0329659757248,No VIS,124,Usaquén,49028,Parkview 145
Cl. 170 # 8-60,Redil,4.74880067385528,-74.025409012035,No VIS,204,Usaquén,49029,"Hacienda la Estancia ""Rioja"""
Cr. 12 # 147-39,Cedritos,4.72691021020397,-74.0348065964775,No VIS,15,Usaquén,49030,Cayena Real
Cr. 23 # 140-39,Cedritos,4.72444709112118,-74.0500421875689,No VIS,7,Usaquén,49032,Remanso Park
Cl. 183 # 8A-10,San Antonio,4.7605541728909,-74.0292452396233,No VIS,45,Usaquén,49033,Terrazze Park 183
Cr. 8D # 189-47,Lijaca,4.76632120301149,-74.0305335545095,No VIS,1,Usaquén,49034,Edificio 189 Plus
Cl. 146 # 13-70,Cedritos,4.72759913999027,-74.0416106418157,No VIS,29,Usaquén,49035,Milá Aptos.
Cl. 159 # 20A-54,Estrella del norte,4.74197384137546,-74.0444526948929,No VIS,9,Usaquén,49038,Edificio Calle 159
Cr. 11 # 188-49,San Antonio Norte,4.76539916340661,-74.0322909935336,No VIS,9,Usaquén,49039,Sin Nombre
Cr. 21A # 159-28,Estrella del Norte,4.73965764647217,-74.0464598538851,No VIS,4,Usaquén,49042,Ed. Ferreiros
Cl. 163A # 7B-39,San Cristobal,4.73848092333943,-74.0245080221653,No VIS,5,Usaquén,49043,Ed. Toledo 163
Cr. 21 # 159-71,Estrella del norte,4.7399545289538,-74.0460964913228,No VIS,8,Usaquén,49044,Sky 21 Aptos
Cl. 168 # 7-51,Santa Teresa,4.74545798820947,-74.0236248690471,No VIS,87,Usaquén,49045,Montecarlo 168
Cl. 161A # 16C-59,Toberín,4.74067481137325,-74.0405187688217,No VIS,6,Usaquén,49046,Morein Aptos
Cl. 170 # 7-65,Santa Teresa,4.74642147874767,-74.0235295552716,No VIS,91,Usaquén,49048,Dos Torres 170
Cl. 170 # 8-60,Redil,4.74880067385528,-74.025409012035,VIS,193,Usaquén,49049,"Hacienda La Estancia ""Navarra"""
Cr. 60 # 66-31,Modelo,4.66740000061691,-74.0845999997109,No VIS,2,Barrios Unidos,50335,Vista al Parque del Salitre
Cr. 13A # 28-21,Centro Internacional,4.61686549797363,-74.0709978948678,No VIS,4,Santa Fe,50600,Museo Parque Central Fase II
Cr. 14 # 108B-11 Sur,Brazuelos,4.49250366666588,-74.1196261030289,VIS,27,Usme,50693,Conj. Res. Parq. Cantarrana
Tv. 60 0 # 59-24 Sur,Madelena,4.58355757270342,-74.1553358414859,No VIS,87,Ciudad Bolívar,50730,Altos de Madelena
Cl. 32 # 6A-15,San Martin,4.61833547393513,-74.06705770878,No VIS,3,Santa Fe,50746,Equilibrium
Tv. 65 Sur # 59-35 Sur,Madelena,4.58473940055817,-74.155651519554,No VIS,32,Ciudad Bolívar,50754,Santa Elena Reservado
Cl. 64 # 1-15,Chapinero Alto,4.64574380130144,-74.0540708725785,No VIS,2,Chapinero,50796,Segal
Cr. 35 # 63B-05,El Rosario,4.65410000085831,-74.0789999999106,No VIS,2,Barrios Unidos,50815,Central Park
Cr. 7 # 33-91,La Marced,4.62131948470784,-74.0675320869665,No VIS,1,Santa Fe,50818,Teleskop
Cl. 5 Sur # 3A-21,Las Brisas,4.58105288716542,-74.0816252613884,No VIS,3,San Cristóbal,50842,Al Lado del Centro
Av. Cr. 1 # 59-21,Chapinero Alto,4.64310000091791,-74.0582999996841,No VIS,8,Chapinero,50843,Omega 59
Cr. 21 # 24-89 Sur,Olaya,4.58295345729353,-74.1064402196407,No VIS,2,Rafael Uribe Uribe,50846,Torre Olaya Plaza +
Av. Cr. 14 # 58-58,Chapinero,4.64568110207502,-74.0649424031878,No VIS,21,Chapinero,50851,Oikos Infinitum +
Cr. 5 # 20-39,Centro,4.60508688888676,-74.0702614519244,No VIS,56,Santa Fe,50855,Torre Barcelona Cond. Estudiantil
Dg. 49ABisA Sur # 13J-91,Marco Fidel Suarez,4.56710071533745,-74.1252991498882,VIS,211,Rafael Uribe Uribe,50860,Caracas Avenida *
Cr. 49 # 91-50,La Castellana,4.67994872269665,-74.0619027940067,No VIS,3,Barrios Unidos,50869,Castellana Plaza +
Cr. 2 # 79-18 Sur,Yomasa,4.5097000002861,-74.1059999996796,VIS,60,Usme,50883,Senderos de la Sierra
Cr. 25 # 24C-44,Centro,4.62130000069737,-74.0774999996647,No VIS,24,Los Mártires,50884,Zima 26 ..
Cl. 11 # 1-60,Centro,4.59505524956439,-74.0700072101663,No VIS,2,La Candelaria,50888,Antigua La Candelaria
Cl. 49 # 5-34,Chapinero Alto,4.63593440859207,-74.0625875759264,No VIS,7,Chapinero,50889,Montecarlo Village +
Cr. 3 # 58-27,Chapinero Alto,4.64265568061502,-74.0588577203606,No VIS,3,Chapinero,50892,Nova 58
Cr. 27 # 31A-36 Sur,Libertador,4.58811588576329,-74.1168536200196,No VIS,5,Rafael Uribe Uribe,50903,Mirador +
Cr. 24 # 71A-85,Alcazares,4.66281961620806,-74.068135343679,No VIS,139,Barrios Unidos,50905,72 Hub
Cr. 31 # 5C-10,Veraguas,4.60741902036809,-74.0998384454591,No VIS,10,Puente Aranda,50907,Torre Estelar
Cr. 5 # 20-39,Centro,4.60508688888676,-74.0702614519244,No VIS,14,Santa Fe,50913,Torre Barcelona Aptos.
Cr. 36 # 4-71,Primavera,4.60868925863346,-74.1063796764535,No VIS,5,Puente Aranda,50916,Verona Parque Res.
Cr. 35 # 63C-45,El Rosario,4.65571194030236,-74.0789304174922,No VIS,3,Barrios Unidos,50917,Parque El Lago
Cl. 52 # 18-34,Alfonzo Lopez,4.64025747195652,-74.0703586375158,No VIS,2,Teusaquillo,50919,Makapi Lights
Cl. 32 # 5-21,San Martin,4.61742483414909,-74.0663279249335,No VIS,33,Santa Fe,50926,La Quinta
Cl. 33 # 6-37,Centro,4.61898762815001,-74.0664618173548,No VIS,14,Santa Fe,50929,Frontier
Cl. 48 Sur # 4-90 Este,Nueva Roma,4.54184063929508,-74.0952698833899,VIS,8,San Cristóbal,50938,Reserva Entre Nubes
Cr. 1G # 98-21 Sur,La Esperanza,4.49510599853466,-74.1097141631538,VIS,1,Usme,50939,Zasca Aptos.
Cl. 72A # 62-14,San Fernando,4.67446746759348,-74.0809780678565,No VIS,1,Barrios Unidos,50941,Nova 72 +
Cl. 34 # 18-25,Teusaquillo,4.62349126807485,-74.0735456005029,No VIS,2,Teusaquillo,50942,Kardonal 34
Av. Cr. 14 # 71-44,Quinta Camacho,4.65821355943358,-74.0615086601613,No VIS,50,Chapinero,50944,Life 72 +
Cl. 63D # 28A-64,7 de agosto,4.65579999983311,-74.0773999998346,No VIS,10,Barrios Unidos,50946,Salamanca +
Cr. 12 # 32F-80 Sur,La Resureción,4.569795053253,-74.1133591351581,VIS,57,Rafael Uribe Uribe,50948,Granjas de Santa Sofía
Cr. 6 # 48A-47,Chapinero Alto,4.63538278592852,-74.0634786467751,No VIS,4,Chapinero,50956,Óga 6-48
Cl. 13 Sur # 24B-89,Valvanera,4.58991843082169,-74.1014490521935,No VIS,28,Antonio Nariño,50958,Valvanera 24
Cl. 21 Sur # 2-31,Montebello,4.56905685932051,-74.0901439766554,VIS,100,San Cristóbal,50965,Monte Rizzo Club Res.
Cr. 50 # 57B-80,Nicolas de Federman,4.64921208014931,-74.085001645044,No VIS,7,Teusaquillo,50973,Volterra Village +
Cr. 35A # 57B-14,Nicolas de Federman,4.64802374049196,-74.0800500822851,No VIS,4,Teusaquillo,50975,Torres de la Merced
Av. Cr. 14 # 58-26,Chapinero,4.64515228109993,-74.0650342803802,No VIS,8,Chapinero,50979,Vitra Art +
Cr. 57R # 73B-73 Sur,La Estancia,4.59497542417664,-74.1706590572795,VIS,1,Ciudad Bolívar,50981,Torres del Portal
Cl. 6 # 26-50,Ricaurte,4.60460706090707,-74.0948228085311,No VIS,38,Los Mártires,50982,Avanti Club House
Cr. 17 # 74C-04 Sur,Lucero Bajo,4.5412377298732,-74.1405453376616,VIS,122,Ciudad Bolívar,50985,Conj. Res. San Joaquín
Cl. 31 Sur # 9C-51 Este,Ramajal,4.55806447938873,-74.0819763269132,VIS,44,San Cristóbal,50986,Camino de los Andes
Cr. 11 # 48K-20 Sur,Provendecia Alta,4.55930518725206,-74.1172084955128,VIS,135,Rafael Uribe Uribe,51004,Portal de Molinos III
Cr. 10 # 15-64 Sur,Ciudad Jardin Sur,4.57970000058413,-74.0925000002608,No VIS,11,Antonio Nariño,51007,Ed. Jardines 15-64 ..
Cl. 35 Sur # 26-74,Claret,4.58511842645622,-74.1189197293243,No VIS,29,Rafael Uribe Uribe,51010,Victoria Place ..
Cr. 24D # 2-30 Sur,La Fraguita,4.59431122637838,-74.0983672288219,No VIS,10,Antonio Nariño,51012,Dimito Park Club Res. ..
Cl. 31 Sur # 26D-53,Libertador,4.58626292212615,-74.1148561838249,No VIS,24,Rafael Uribe Uribe,51013,Albina Park
Cr. 10 # 8-55 Sur,Ciudad Berna,4.58349999971688,-74.0893000001088,No VIS,2,Antonio Nariño,51020,Ten Life
Cr. 24 0 # 31C-09 Sur,Quiroga,4.5831408649341,-74.1150402317907,No VIS,20,Rafael Uribe Uribe,51027,Arandanos Conj. Res.
Cr. 29 # 28-49 Sur,Centenario,4.59012950360904,-74.1132522760908,No VIS,5,Antonio Nariño,51028,Saloni
Cr. 13 # 9-12 Sur,Ciudad Berna,4.58632535706792,-74.0927300735437,No VIS,3,Antonio Nariño,51031,Capital Berna III ..
Cl. 11 Sur # 10A-08,Ciudad Berna,4.58298905396478,-74.0910825062758,No VIS,1,Antonio Nariño,51032,Capital Berna IV ..
Dg. 31Bis Sur # 26D-36,Centenario,4.58779476009753,-74.1157566517998,No VIS,7,Rafael Uribe Uribe,51036,Santa Maria del Progreso
Cl. 29 Sur # 29-03,Santander,4.5894779921882,-74.1148710774267,No VIS,72,Antonio Nariño,51037,Altos 29
Cl. 59 Sur # 60-63,Madelena,4.58799689780597,-74.1564824554867,VIS,134,Ciudad Bolívar,51038,Torres de San Rafael
Cr. 78 # 11C-21,Castilla,4.64694227747579,-74.1349714084872,No VIS,6,Kennedy,51045,Bosques de Alsacia
Cr. 33 0 # 41A-88 Sur,Ingles,4.58718622884011,-74.1270126382415,No VIS,6,Rafael Uribe Uribe,51046,Balcones de Centro Mayor ..
Dg. 49C Sur # 11-60,Molinos,4.56146476010491,-74.1205306662015,VIS,86,Rafael Uribe Uribe,51052,Terrazas de Molinos
Dg. 47 Sur # 12A-01,Sevilla,4.56442275980494,-74.1137712665702,VIS,307,Rafael Uribe Uribe,51055,Torres del 20 de Julio
Cl. 101A Sur # 14-05,Monte Blanco,4.49629437172735,-74.118467329606,VIS,218,Usme,51058,Mirador de Bella Flora
Dg. 68A Sur # 14R-65,La Aurora,4.52500914084109,-74.1229994999468,VIS,8,Usme,51061,Sue
Dg. 42C Sur # 24B-10,El Ingles,4.58053713884806,-74.1249476305231,No VIS,3,Rafael Uribe Uribe,51066,Multi. Familiar Ingles
Cl. 34 Sur # 52G-44,El Ingles,4.60371416915979,-74.1284073851355,No VIS,1,Puente Aranda,51068,Mult. Alcala
Cl. 18 Sur # 19-70,Santander,4.5925226795676,-74.1081454895061,No VIS,44,Antonio Nariño,51074,Sorrento
Cr. 11 Este # 68-61 Sur,Juan Rey,4.52890147526965,-74.0930694300747,VIS,4,San Cristóbal,51076,Reserva del Nogal
Cr. 12 Este # 64A-49 Sur,Juan Rey,4.52648306442005,-74.089835454935,VIS,2,San Cristóbal,51077,Reserva del Roble
Cr. 81 # 65G-43 Sur,Bosa Centro,4.61064430122822,-74.1883212907074,VIS,46,Bosa,51078,Torrevento
Av. Cr. 68 # 1-63,Trinidad Galan,4.62512625072064,-74.1253529967444,No VIS,9,Kennedy,55250,Americas 68 Eta. II
Av. Cr. 72 # 67-75,Boyaca Real,4.68296791465499,-74.0987492658353,No VIS,30,Engativá,55283,Reserva 67
Cr. 123A # 78B-21,Gran Granada,4.7234772592767,-74.1316446461665,No VIS,80,Engativá,55300,Parques de San Jerónimo
Cl. 77B # 120A-48,Villas de Granada,4.72319196833427,-74.1328909980402,No VIS,54,Engativá,55301,Oeste
Cr. 87B # 8A-72,El Tintal,4.64880000054836,-74.148199999705,No VIS,61,Kennedy,55338,Castellon de los Condes
Cl. 10B # 81F-20,Castilla,4.6402000002563,-74.1448999997228,No VIS,12,Kennedy,55930,Castilla La Nueva
Cr. 105 # 16I-45,EL Carmen,4.67580031073814,-74.1493286165512,No VIS,6,Fontibón,55947,Arrayanes de Fontibón
Cr. 123A # 77B-86,Gran Granada,4.7234772592767,-74.1316446461665,No VIS,13,Engativá,55949,Alameda de San Diego
Cr. 80 # 8-45,Castilla,4.64240325554852,-74.1462650305902,No VIS,43,Kennedy,55950,Camino de San Gabriel
Cr. 88 # 8F-90,El Tintal,4.64880000054836,-74.148199999705,No VIS,73,Kennedy,55956,Malaga
Cr. 96G # 22M-64,EL Carmen,4.67528339684695,-74.1350325808452,No VIS,15,Fontibón,55976,Hayuelos R9
Cl. 6C # 82A-21,Castilla,4.64165828564095,-74.1542318043073,No VIS,92,Kennedy,55981,Cipres de Castilla
Cl. 6C # 82A-91,Castilla,4.64165828564095,-74.1542318043073,No VIS,134,Kennedy,55986,Aralia de Castilla
Cl. 17 # 96-20,Villamar,4.66530000045896,-74.1403000000864,No VIS,106,Fontibón,55987,Toscana Torres de Hayuelos
Av. Cr. 86 # 13B-80,Andalucia,4.6546927040988,-74.1401432547112,No VIS,5,Kennedy,55992,Canela
Cl. 25B # 71-80,Ciudad Salitre,4.66415557067871,-74.1118738874769,No VIS,70,Fontibón,56000,Gran Reserva de Oporto
Cr. 88 # 8F-90,El Tintal,4.64880000054836,-74.148199999705,No VIS,147,Kennedy,56003,Paseo de Sevilla
Cr. 86 # 7D-35,El Tintal,4.649299999699,-74.149299999699,No VIS,118,Kennedy,56019,Castilla Imperial
Av. Cr. 86 # 10-50,Castilla,4.64887782696101,-74.1448154715521,No VIS,77,Kennedy,56023,Casteló Natura Aptos
Cr. 96B # 17B-60,Villamar,4.66805718352035,-74.1396350708344,No VIS,9,Fontibón,56024,Hayuelos Park
Av. Cr. 70 # 25-49,Ciudad Salitre,4.66415557067871,-74.1118738874769,No VIS,42,Fontibón,56025,Gran Reserva de Valdivia
Cr. 84 # 77A-40,La Granja,4.69951011192326,-74.1007492722662,VIS,26,Engativá,56041,Eka Apartaestudios
Av. Cl. 13 # 68F-25,Alsacia,4.63903351937635,-74.1248392542005,No VIS,15,Kennedy,56049,La Rioja Alsacia Reservado
Av. Cr. 72 # 24C-00,Modelia,4.66310000047088,-74.1147999996319,No VIS,2,Fontibón,56050,Moncalieri
Cl. 42G Sur # 74-30,Timiza,4.61124114571573,-74.1583392051066,VIS,206,Kennedy,56054,Torres de Timiza
Cr. 68 # 5-21,Trinidad Galan,4.62698450597917,-74.1248318443244,No VIS,10,Kennedy,56055,Porto Américas
Cl. 24 # 68B-85,Ciudad Salitre,4.65209331629005,-74.1102506582508,No VIS,10,Fontibón,56062,Avatar
Cl. 59C Sur # 88H-15,Bosa la Libertad,4.62611764347452,-74.1923980547701,VIS,188,Bosa,56066,Atalaia
Cl. 2 # 93D-54,Tierra Buena,4.65208886825267,-74.1704490285031,VIS,199,Kennedy,56073,Parque Central Tintal III
Av. Cr. 72 # 72-15,Santa Maria del Lago,4.68809750098778,-74.0950491434954,No VIS,59,Engativá,56074,Allegro Reservado
Cl. 72F # 114A-71,Villas de Granada,4.71519999951124,-74.1279999995604,No VIS,27,Engativá,56076,Sabana de los Cerezos
Cr. 88 # 8F-90,El Tintal,4.64880000054836,-74.148199999705,No VIS,81,Kennedy,56084,Aragón Castilla Reservado
Av. Cl. 13 # 68F-25,Alsacia,4.63903351937635,-74.1248392542005,No VIS,95,Kennedy,56086,La Ribera Alsacia Reservado
Cl. 77B # 129-70,El Porvenir,4.72000000067055,-74.1229999996722,No VIS,76,Engativá,56091,Ciud. Parq. Ctral de Occidente III
Cr. 88 # 8F-90,El Tintal,4.64880000054836,-74.148199999705,No VIS,68,Kennedy,56093,Burgos Castilla Reservado
Cl. 13A # 82B-31,Villas Alsacia,4.65280797963801,-74.1407262458904,No VIS,51,Kennedy,56095,Pinares de Alsacia
Cl. 59B Sur # 86A-15,Bosa la Libertad,4.62061638468873,-74.2177238687504,VIS,74,Bosa,56102,Urb. Torres Altamira
Cl. 24 # 86-08,Modelia,4.6722999997437,-74.1254000002518,No VIS,17,Fontibón,56106,Reserva de Modelia
Cr. 87C # 87B-38 Sur,San Bernardino,4.63690000027418,-74.1646999996156,VIS,2,Kennedy,56107,Portales de Avanza I
Cr. 45A # 91-56,Castellana,4.67864816767955,-74.0601878490068,No VIS,32,Barrios Unidos,56111,Paralela 91 +
Cl. 58 # 21-26,San Luis,4.64603298788325,-74.0714744357837,No VIS,1,Teusaquillo,56112,Inhaus
Cl. 17DBis # 123A-05,Fontibon,4.68851208882714,-74.158277305025,VIS,100,Fontibón,56113,Aragón
Cr. 7 # 31A-56,San Martin,4.64200142418481,-74.0645335023669,No VIS,51,Chapinero,56116,Equilibrium 2
Av. Cl. 80 # 116B-100,Gran Granada,4.72291523745774,-74.1247888569431,No VIS,5,Engativá,56120,Brisas de Granada II
Dg. 82G # 75-41,Minuto,4.70441017883702,-74.0930933741881,No VIS,8,Engativá,56121,Elite Minuto
Cr. 116 # 77B-35,Villas de Granada,4.72291523745774,-74.1247888569431,No VIS,79,Engativá,56122,Altos de Granada
Dg. 77B # 123-20,Villas de Granada,4.72140000015497,-74.1212999997661,No VIS,95,Engativá,56123,Ciprés de la Florida
Av. Cl. 17 # 72-85,El Vergel,4.65130582109726,-74.130801882255,No VIS,131,Fontibón,56125,Zentral - Izola
Cl. 61 # 37-91,Nicolas de Federman,4.65148834746025,-74.0825053553922,No VIS,3,Teusaquillo,56127,Edificio Daned
Cl. 52 # 17-28,Teusaquillo,4.64015945341299,-74.069779064209,No VIS,6,Teusaquillo,56131,K52
Cr. 93 # 54-28 Sur,Bosa Porvenir,4.63461793898381,-74.1868946706877,VIS,112,Bosa,56135,Valenti
Dg. 77B # 124-40,Villas de Granada,4.7196315082803,-74.1327436308709,No VIS,11,Engativá,56136,Reserva de Granada IV
Cl. 33 # 6-37,Centro,4.61898762815001,-74.0664618173548,No VIS,14,Santa Fe,56137,Urban
Cr. 35Bis # 60-45,Nicolas de Federman,4.65080000087619,-74.0793000003323,No VIS,7,Teusaquillo,56139,Edificio Rumiraky
Av. Cr. 68 # 19-52,Puente Aranda,4.64409999921918,-74.1112000001594,No VIS,84,Puente Aranda,56140,Urban Salitre - Zurich
Cl. 17 # 135-20,Florencia,4.69329999946058,-74.1676000002772,VIS,23,Fontibón,56141,Mirador de Fontibón
Cl. 17 # 110-68,Fontibon,4.67950000055134,-74.1514999996871,No VIS,78,Fontibón,56142,Altana
Cr. 96B # 18-31,Villamar,4.6687000002712,-74.1392000000924,No VIS,31,Fontibón,56143,Tintoretto
Av. Cl. 17 # 72-85,El Vergel,4.65130582109726,-74.130801882255,No VIS,259,Fontibón,56144,Zentral - Zajari
Cr. 26 # 49-49,Palermo,4.63866108478335,-74.0761191153505,No VIS,6,Teusaquillo,56145,Mitre 49
Cr. 60D # 90-04,Mendiguaca,4.68264128193475,-74.0690860790213,No VIS,14,Barrios Unidos,56146,Udara Entre Parques
Cr. 36A # 61-26,Nicolas de Federman,4.65130554221149,-74.080631577495,No VIS,6,Teusaquillo,56147,36 Avenida
Cl. 158 # 96A-36,Salitre,4.75629172161427,-74.0820804053477,No VIS,1,Suba,56156,Salitre Reservado
Cr. 72 # 21-11,La Felicidad,4.65626748836182,-74.1263105577296,No VIS,47,Fontibón,56157,La Felicidad - La Reserva
Cr. 72 # 21-11,La Felicidad,4.65626748836182,-74.1263105577296,No VIS,75,Fontibón,56158,La Felicidad - Los Pinos
Cr. 72 # 21-11,La Felicidad,4.65626748836182,-74.1263105577296,No VIS,45,Fontibón,56159,La Felicidad - Los Cerros
Cr. 72 # 21-11,La Felicidad,4.65626748836182,-74.1263105577296,No VIS,60,Fontibón,56160,La Felicidad - La Cima
Cl. 56 Sur # 81A-90,Villa Anita,4.61790000088513,-74.177899999544,VIS,13,Kennedy,56164,Bari Conj. Res.
Cl. 70ABis # 121A-04,San Lorenzo,4.71772028133372,-74.1365059427107,VIS,35,Engativá,56165,Mirador del Jaboque
Cr. 18 # 15-20,Centro,4.60795220532935,-74.0821031141647,No VIS,133,Los Mártires,56167,Torre Estacion
Cr. 18 # 14-04,Centro,4.60738854449348,-74.0824173757278,No VIS,28,Los Mártires,56168,Sabana Central
Av. Cl. 26 # 82-54,Los Monjes,4.67546718508856,-74.1158532998072,No VIS,38,Engativá,56169,Cantabria
Cr. 5 # 32-89,San Martin,4.61864712986358,-74.065858585266,No VIS,19,Santa Fe,56170,Tekto Museo
Cr. 16 # 58A-31,Galerias,4.64595370697636,-74.0678306982905,No VIS,3,Teusaquillo,56172,Tivoli
Cl. 23A # 96J-19,Fontibon,4.67680989920508,-74.1362557998843,No VIS,11,Fontibón,56179,Balzani
Cl. 79 # 76-31,Minuto de Dios,4.69721089455921,-74.0942587136364,No VIS,11,Engativá,56182,Portal Reservado
Cr. 1 # 8-20,La Candelaria,4.59234733138129,-74.0713803063414,No VIS,35,La Candelaria,56188,Ed. La Primera Candelaria
Cr. 15 # 49-51,Palermo,4.63714610501839,-74.0680944864195,No VIS,2,Teusaquillo,56190,KD Marly
Av. Cl. 26 # 70A-25,Ciudad Salitre,4.66540000028908,-74.1117000002414,No VIS,82,Fontibón,56195,Vissani Aptos
Cr. 81 # 77A-25,La Granja,4.69915414812582,-74.0983443972868,No VIS,9,Engativá,56196,Keisha
Cr. 25 # 24C-21,Centro,4.62160000018775,-74.0776000004262,No VIS,3,Los Mártires,56197,Cyan 26
Cl. 54 # 10-25,Chapinero Alto,4.64040568651863,-74.0643147609354,No VIS,5,Chapinero,56198,Smart Living 54
Cl. 79A # 90-29,Primavera Norte,4.70548628762351,-74.1050077166432,No VIS,47,Engativá,56203,Andora 80
Cl. 158 # 96A-77,Suba Salitre,4.75649374788785,-74.0829155668999,VIS,2,Suba,56207,Oka 96
Cl. 32 # 5-31,Centro,4.61774314800717,-74.0672058118299,No VIS,200,Santa Fe,56208,Arbos Central ..
Cl. 25B # 70B-70,Ciudad Salitre,4.66415557067871,-74.1118738874769,No VIS,142,Fontibón,56210,Gran Reserva de Mallorca
Cl. 18 # 4-22,Las Aguas,4.60276427599971,-74.07159887302,No VIS,155,Santa Fe,56211,Torre Ventto
Cr. 35A # 60-58,Nicolas de Federman,4.65080000087619,-74.0821000002325,No VIS,9,Teusaquillo,56212,Juan Pablo
Cr. 22A # 82-19,Polo Club,4.67004132987604,-74.0624034492389,No VIS,27,Barrios Unidos,56216,Edificio Praia
Cl. 19 # 96B-39,Villa Mar,4.66893798544831,-74.1396939417934,No VIS,13,Fontibón,90100,Asha 96
Cr. 18 # 140-34,Cedritos,4.72322793338819,-74.0446883508976,No VIS,13,Usaquén,90251,Montello
Cr. 7A # 146-89,Cedritos,4.72259769692765,-74.0271751736534,No VIS,106,Usaquén,90252,Menta
Cr. 70C # 52-96,Normandia,4.66832833534621,-74.1046704293905,No VIS,5,Engativá,90253,Mirador del Jardín
Cl. 127D # 71-43,Niza,4.71303716822715,-74.0761325700479,No VIS,17,Suba,90254,Senderos de Niza
Cl. 129 # 56C-02,Iberia,4.71724620387189,-74.066349987022,No VIS,19,Suba,90256,Renacer 129
Cl. 132A # 72-60,Gratamira,4.72607762269116,-74.0741771765678,No VIS,2,Suba,90257,Illium
Cl. 94 # 68D-26,Julio Flores,4.68802538148564,-74.0781738710919,No VIS,6,Suba,90258,Sorreto 94
Av. Cr. 86 # 10A-42,Castilla,4.64887782696101,-74.1448154715521,VIS,169,Kennedy,90260,Castilla Urbana
Cr. 63 # 103-65,Andes,4.69132589380595,-74.0670259023333,No VIS,13,Suba,90261,Mattiz 103
Cl. 128C # 55B-81,Prado Jardin,4.71583286680459,-74.0653034550531,No VIS,6,Suba,90262,Prado Reservado
Cl. 144 # 19A-09,Cedritos,4.72571603138936,-74.0470512555087,No VIS,7,Usaquén,90263,Artio 144
Cl. 51 # 73-57,Normandia,4.67112991187426,-74.1105901775427,No VIS,1,Engativá,90264,Viure 51
Dg. 128BBis # 56B-42,Iberia,4.71626877901277,-74.0663412662398,No VIS,5,Suba,90265,Altos del Prado
Cr. 50 # 144-56,Prado Pinzón,4.72774861555229,-74.0536937793215,No VIS,2,Suba,90266,Prado 144
Cl. 150 # 50-12,Sotavento,4.73578861695947,-74.0530062419195,No VIS,37,Suba,90267,Park Living *
Cl. 140 # 19A-36,Cedritos,4.72379070751063,-74.0476933069564,No VIS,27,Usaquén,90268,Ubik 140
Cr. 49 # 165-73,Granada Norte,4.74725777573302,-74.0503032183401,No VIS,3,Suba,90269,Palau 165
Cr. 23 # 142-52,Cedritos,4.72544069611294,-74.0494637415966,No VIS,9,Usaquén,90270,Ed. Bilbao
Cl. 136 # 50-43,Spring,4.72283651983361,-74.0559811498403,No VIS,13,Suba,90271,San Sebastián
Cl. 144 # 52-43,Prado Pinzón,4.72727651149435,-74.0552878664169,VIS,20,Suba,90272,Portal del Prado
Cl. 149 # 12D-44,Cedritos,4.72872103657426,-74.036348417022,No VIS,2,Usaquén,90273,La Zarzamora
Dg. 150 # 145-11,Fontanar del Río,4.7575629698325,-74.1155951726705,VIS,1,Suba,90274,Mirador del Parque
Cl. 144 # 19A-06,Cedritos,4.72613138479633,-74.0469638928834,No VIS,4,Usaquén,90275,Jerez Aptos.
Cl. 176 # 58-,Villa del Prado,4.75789121202612,-74.051405681033,VIS,7,Suba,90276,176 Park
Dg. 24C # 68-01,Salitre,4.65127020038467,-74.1063553846225,No VIS,16,Fontibón,90277,Rodin..
Av. Cr. 68 # 19-52,Puente Aranda,4.64319483636683,-74.1110801886182,No VIS,103,Puente Aranda,90278,Urban Salitre - Praga
Cl. 135 # 45A-42,Iberia,4.72146543945291,-74.0528960453474,No VIS,3,Suba,90282,Edificio Alcalá
Cl. 143 # 16-37,Cedritos,4.72428458642298,-74.0425418229869,No VIS,14,Usaquén,90283,Tramonto
Cr. 82 # 22F-04,Modelia,4.66583551450167,-74.1262635044016,No VIS,12,Fontibón,90284,Ed. Verona
Av. Cl. 13 # 68F-25,Alsacia,4.63903351937635,-74.1248392542005,No VIS,116,Kennedy,90286,La Terra Alsacia Reservado
Cl. 176 # 58-,Villa del Prado,4.75742825913446,-74.0524896180011,VIS,118,Suba,90287,Prado Park
Cl. 165 # 56A-45,Cantalejo,4.74722238437132,-74.0585191107687,No VIS,30,Suba,90288,Parque 165
Cr. 58C # 128A-44,Las Villas,4.71573609338115,-74.0714682132391,No VIS,8,Suba,90289,Villas del Parque
Cl. 128A # 51A-48,Niza,4.71563566850746,-74.0711714081395,No VIS,15,Suba,90290,Imbituba Aptos.
Cr. 99 # 156D-03,El Salitre,4.75631040394297,-74.0860698665391,VIS,109,Suba,90291,Zuri
Cl. 138 # 49-42,Prado Pinzón,4.72478362734468,-74.0544263573234,No VIS,22,Suba,90292,Parque 138
Cl. 176 # 52-05,Villa del Prado,4.75752965155045,-74.0504250477681,No VIS,11,Suba,90293,Entre Verde Club
Cl. 176 # 52-05,Villa del Prado,4.75752965155045,-74.0504250477681,VIS,31,Suba,90293,Entre Verde Club
Cl. 183 # 8D-25,San Antonio,4.76106088033864,-74.0307219934143,No VIS,139,Usaquén,90294,Edificio Uno.83 *
Cr. 94B # 130D-50,Costa Rica,4.72986799370722,-74.0907859874457,No VIS,9,Suba,90295,Costa Rica Aptos.
Cl. 170 # -,Alameda,4.75273322956796,-74.0343229346696,VIS,200,Usaquén,90296,Ciudad La Salle - Lyon
Cl. 149 # 48-53,Victoria Norte,4.7313780127831,-74.0525205685069,No VIS,23,Suba,90298,Balcones de Palo Alto
Cr. 49 # 144-46,Prado Pinzón,4.72738679241154,-74.0529513701105,No VIS,35,Suba,90299,Smart Habitat *
Cr. 96G Bis # 19-74,Villemar,4.67159673299528,-74.140165130545,No VIS,9,Fontibón,90300,Reservas de Villemar
Cr. 13 Este # 66-15 Sur,Juan Rey,4.52532056419295,-74.0896798114113,VIS,17,San Cristóbal,407013,Mirador del Virrey II
Cl. 4 Sur # 18-35,San Antonio,4.59106785336115,-74.0950099845455,No VIS,7,Antonio Nariño,407018,Ed. San Antonio
Cr. 12 Este # 64A-51,Valparaiso,4.52593507676655,-74.0901965948983,VIS,26,San Cristóbal,407022,Reserva del Cedro
Cl. 34 Sur # 52-44,El Ingles,4.60359395193611,-74.1285295801034,No VIS,4,Puente Aranda,407024,Mult. Alcala II
Cr. 24G # 14-44 Sur,Restrepo Occidental,4.59100626830019,-74.102636154914,No VIS,3,Antonio Nariño,407029,Vilanova IV
Cl. 28 Sur # 12-20 Este,San Cristobal Sur,4.56231068743643,-74.079783116156,VIS,90,San Cristóbal,407032,Reserva del Turpial
Cr. 7 0 # 7-24 Sur,Villa Javier,4.58144552534182,-74.0847626465347,No VIS,9,San Cristóbal,407035,Balcones de Oriente II
Cl. 31 Sur # 9-03 Este,Ramajal,4.55626097897358,-74.0833584299778,VIS,31,San Cristóbal,407041,Buenos Aires
Cl. 42Bis Sur # 12C-04,San Jorge,4.567659304611,-74.1134661436735,VIS,117,Rafael Uribe Uribe,407042,Alameda de San Jorge
Cr. 37 # 68C-61 Sur,Candelaria la Nueva,4.5685541916834,-74.1538383656312,VIS,8,Ciudad Bolívar,407043,Atacama
Cr. 2C Este # 61-17 Sur,La Fiscala,4.53621622852459,-74.1098557783548,VIS,7,Usme,407057,Ed. Thoor
Cl. 11 Sur # 1A-09,San Cristobal,4.57474332276988,-74.0821140628824,No VIS,14,San Cristóbal,407058,Santa Ana II
Cl. 11 Sur # 7-49,San Javier,4.5791043921463,-74.0872118171059,No VIS,4,San Cristóbal,407059,Santa Ana I
Cr. 10 # 19-33 Sur,Ciudad Jardin,4.57644041675661,-74.0944977966337,No VIS,50,Antonio Nariño,407061,Edif. Toledo
Cr. 24B # 13-27 Sur,Restrepo,4.58913963959606,-74.1011529301213,No VIS,8,Antonio Nariño,407062,Balcones de la Valvanera
Cr. 12B # 10-23 Sur,Ciudad Berna,4.58532336672986,-74.0925595996198,No VIS,2,Antonio Nariño,407063,Lumbi 12
Cl. 31 Sur # 27-34,Eduardo Frey,4.58901915333235,-74.1152414026271,No VIS,1,Antonio Nariño,407064,Ed. Marcela
Cr. 50B # 37A-21 Sur,Muzu,4.5982926750013,-74.1265047830687,No VIS,2,Puente Aranda,407065,Senderos del Río
Cl. 37 Sur # 51-50,Muzu,4.60011347722546,-74.1270412591903,No VIS,2,Puente Aranda,407066,Trezano
Cl. 31Bis Sur # 26D-06,Matatigres,4.58749775415154,-74.1155010302217,No VIS,16,Rafael Uribe Uribe,407067,Torre Riovista
Dg. 48B Sur # 5L-80,Molinos,4.55989073366433,-74.1118610082921,VIS,72,Rafael Uribe Uribe,407072,Novo Molinos
Cl. 10 Sur # 15-36,San Antonio,4.58815483147875,-74.0952747144072,No VIS,9,Antonio Nariño,407073,Ed. Jans III
Cl. 26 Sur # 20-28,Olaya,4.58259157081162,-74.107072956521,No VIS,19,Rafael Uribe Uribe,407076,Solario del Parque
Cl. 60A Sur # 73-40,Galicia,4.59211631811992,-74.1694856937129,VIS,95,Ciudad Bolívar,407084,Bilbao Aptos
Cl. 36A Sur # 10B-40 Este,Ramajal,4.55542059250837,-74.0827937738255,VIS,88,San Cristóbal,407085,Mirador de la Reserva
Cr. 2Este # 6C-22 Sur,Buenos Aires,4.57742006300587,-74.07895192267,VIS,153,San Cristóbal,407089,Torres del Este Aptos.
Cr. 8 # 22B-52 Sur,20 de Julio,4.57286506242891,-74.0941489588519,No VIS,17,San Cristóbal,407092,Ed. Manantial
Cl. 39 Sur # 36-50,Ingles,4.59402892845387,-74.1248046404222,VIS,9,Puente Aranda,407093,Ed. Liverpool
Cl. 47A Sur # 29-38,Claret,4.58446962813847,-74.1303626980364,No VIS,17,Rafael Uribe Uribe,407094,Claret Real II
Cr. 24 # 35a-49 Sur,Quiroga,4.58187180287488,-74.1185399431609,No VIS,6,Rafael Uribe Uribe,407095,Ed. Quiroga
Cl. 35 Sur # 52-82,Alcala,4.603469866893,-74.1290361174772,No VIS,3,Puente Aranda,407096,Domus 35-S
Cl. 70 Sur # 11C-60 Este,Juan Rey,4.52455840966,-74.0920362707425,VIS,1,San Cristóbal,407097,Poblado de Juan Rey 7
Cl. 73A Sur # 13C-42 Este,Juan Rey,4.51823410337198,-74.0916482030142,VIS,30,San Cristóbal,407098,Juan Rey 74
